Region,total_jobs_1000s,"Total_Offences_involving _the_use_of_weapons_Apr_2021_March_2022
 ","Offences_per_100,000_population",Share_of_industry_as_financial_insurance,Share_of_industry_as_scientific_technical
North East,1234,2015,76,0.017017828,0.017017828
North West,3868,6979,94,0.029731127,0.029731127
Yorkshire and The Humber,2852,5157,94,0.021037868,0.021037868
East Midlands,2447,3546,73,0.015120556,0.015120556
West Midlands,2995,6074,102,0.020367279,0.020367279
East,3298,4221,67,0.024863554,0.024863554
London,6292,11052,126,0.070565798,0.070565798
South East,4906,5189,56,0.02690583,0.02690583
South West,3100,2845,50,0.023225806,0.023225806
Wales,1516,1458,47,0.023746702,0.023746702
